{
  "project_info": {
    "project_number": "83524075646",
    "project_id": "sinatep-d1f72",
    "storage_bucket": "sinatep-d1f72.appspot.com"
  },
  "client": [
    {
      "client_info": {
        "mobilesdk_app_id": "1:83524075646:android:1ffb3f802e870db468582f",
        "android_client_info": {
          "package_name": "com.dartsoft.sinatep"
        }
      },
      "oauth_client": [],
      "api_key": [
        {
          "current_key": "AIzaSyAP74LRHnEqW6cAp6yUB-yMQzl-7DBrm98"
        }
      ],
      "services": {
        "appinvite_service": {
          "other_platform_oauth_client": []
        }
      }
    },
    {
      "client_info": {
        "mobilesdk_app_id": "1:83524075646:android:dce46b0e8dedc53468582f",
        "android_client_info": {
          "package_name": "com.sinatep.dartsoft"
        }
      },
      "oauth_client": [],
      "api_key": [
        {
          "current_key": "AIzaSyAP74LRHnEqW6cAp6yUB-yMQzl-7DBrm98"
        }
      ],
      "services": {
        "appinvite_service": {
          "other_platform_oauth_client": []
        }
      }
    }
  ],
  "configuration_version": "1"
}